{
	"providers": {
		"awscloudformation": {
			"AuthRoleName": "amplify-ugali-friends-193936-authRole",
			"UnauthRoleArn": "arn:aws:iam::173916683421:role/amplify-ugali-friends-193936-unauthRole",
			"AuthRoleArn": "arn:aws:iam::173916683421:role/amplify-ugali-friends-193936-authRole",
			"Region": "us-west-2",
			"DeploymentBucketName": "amplify-ugali-friends-193936-deployment",
			"UnauthRoleName": "amplify-ugali-friends-193936-unauthRole",
			"StackName": "amplify-ugali-friends-193936",
			"StackId": "arn:aws:cloudformation:us-west-2:173916683421:stack/amplify-ugali-friends-193936/af37a3e0-9bd5-11ea-83b6-0ab88639bbc6",
			"AmplifyAppId": "d2i7grpxbxqdu4"
		},
		"categories": {
			"auth": {
				"ugali9cbd228b": {}
			}
		}
	},
	"auth": {
		"ugali9cbd228b": {
			"service": "Cognito",
			"providerPlugin": "awscloudformation",
			"dependsOn": [],
			"output": {
				"AppClientSecret": "1d79lnqft5jr8eesailt3gaig8uo46v0u2nqq4dc1g20pjhjldmt",
				"UserPoolId": "us-west-2_G14gyieud",
				"AppClientIDWeb": "6s595h4e7jopijv0338s0dvd8v",
				"AppClientID": "fmde7k8hiksmrr5nrdckaqbe3",
				"IdentityPoolId": "us-west-2:9da0816d-9d5d-4429-8066-200e457c4719",
				"IdentityPoolName": "ugali9cbd228b_identitypool_9cbd228b__friends",
				"UserPoolName": "ugali9cbd228b_userpool_9cbd228b"
			},
			"lastPushTimeStamp": "2020-05-24T02:37:11.627Z",
			"providerMetadata": {
				"s3TemplateURL": "https://s3.amazonaws.com/amplify-ugali-friends-193936-deployment/amplify-cfn-templates/auth/ugali9cbd228b-cloudformation-template.yml",
				"logicalId": "authugali9cbd228b"
			}
		}
	},
	"api": {
		"ugali": {
			"service": "AppSync",
			"providerPlugin": "awscloudformation",
			"output": {
				"authConfig": {
					"additionalAuthenticationProviders": [],
					"defaultAuthentication": {
						"authenticationType": "AMAZON_COGNITO_USER_POOLS",
						"userPoolConfig": {
							"userPoolId": "authugali9cbd228b"
						}
					}
				},
				"GraphQLAPIIdOutput": "37uvxrzq2vdgpfabxmkdvau7wy",
				"GraphQLAPIEndpointOutput": "https://j7gy6agcqbb6fijp25ywhyy7vq.appsync-api.us-west-2.amazonaws.com/graphql"
			},
			"lastPushTimeStamp": "2020-05-24T02:37:14.505Z",
			"providerMetadata": {
				"s3TemplateURL": "https://s3.amazonaws.com/amplify-ugali-friends-193936-deployment/amplify-cfn-templates/api/cloudformation-template.json",
				"logicalId": "apiugali"
			},
			"lastPushDirHash": "gJFg/Nr65z5FTXBMBLxAHFdY+bE="
		}
	}
}